Order,Type,Title,Source,Source Filename,Length,Description (if available),Created,Resources
1,chapter,gRPC Course Overview,,,,,,
2,video,gRPC Introduction,Video,gRPC Introduction.mp4,00:08:17,,2018-05-10T23:51:58Z,
3,video,Course Objective,Video,Course Objectives.mp4,00:03:08,,2018-05-10T23:51:59Z,"ExternalLink - Stephane GitHub - https://github.com/simplesteph - 2018-05-11T05:31:56Z
ExternalLink - Stephane Linked - https://www.linkedin.com/in/stephanemaarek - 2018-05-11T05:44:08Z
ExternalLink - Stephane Medium - https://medium.com/@stephane.maarek - 2018-05-11T05:44:23Z
ExternalLink - Stephane Twitter - https://twitter.com/stephanemaarek - 2018-05-11T05:44:36Z"
4,video,Important Message,Video,Important Message - Course Review.mp4,00:00:33,,2018-05-10T23:51:58Z,
5,article,Code Download,Generated File,005_article_12453644_Code Download.html,00:00:18,,2018-05-10T11:32:55Z,
6,chapter,[Theory] gRPC Internals Deep Dive,,,,,,
7,article,Why this section?,Generated File,007_article_12451210_Why this section?.html,00:00:56,,2018-05-10T07:01:37Z,
8,video,Protocol Buffers & Language Interoperability,Video,Protocol Buffers in gRPC.mp4,00:08:40,,2018-05-10T23:51:59Z,ExternalLink - gRPC Website - https://grpc.io/ - 2018-05-11T05:45:04Z
9,video,HTTP/2,Video,HTTP2 in GRPC.mp4,00:08:46,,2018-05-10T23:51:59Z,"ExternalLink - HTTP/2 Website - https://http2.github.io/ - 2018-05-11T05:45:23Z
ExternalLink - HTTP/2 vs HTTP/1 comparison - https://imagekit.io/demo/http2-vs-http1 - 2018-05-11T05:45:48Z"
10,video,4 Types of gRPC APIs,Video,4 Types of API in gRPC.mp4,00:04:36,,2018-05-10T23:51:59Z,
11,video,Scalability in gRPC,Video,Scalability in gRPC.mp4,00:01:38,,2018-05-10T09:30:56Z,
12,video,Security in gRPC (SSL),Video,Security in gRPC.mp4,00:01:12,,2018-05-10T23:51:59Z,
13,video,gRPC vs REST,Video,gRPC vs REST.mp4,00:05:10,,2018-05-10T23:51:59Z,"ExternalLink - Performance Test gRPC vs REST - https://husobee.github.io/golang/rest/grpc/2016/05/28/golang-rest-v-grpc.html - 2018-05-11T05:46:09Z
ExternalLink - Slideshare gRPC vs REST - https://www.slideshare.net/borisovalex/grpc-vs-rest-let-the-battle-begin-81800634 - 2018-05-11T05:46:22Z"
14,video,Section Summary – why use gRPC,Video,gRPC deep dive section summary.mp4,00:00:44,,2018-05-10T09:30:56Z,
15,quiz,Quiz on GRPC,Generated File,015_quiz_4431016_Quiz on GRPC.csv,,,,
16,chapter,[Hands-On] gRPC Project Overview & Setup,,,,,,
17,video,Java Gradle Project Setup,Video,IntelliJ Gradle Setup.mp4,00:06:53,,2018-05-10T09:33:45Z,"ExternalLink - IntelliJ Community edition install - https://www.jetbrains.com/idea/download/ - 2018-05-11T05:46:55Z
ExternalLink - JDK 8 Installation - http://www.oracle.com/technetwork/java/javase/downloads/jdk8-downloads-2133151.html - 2018-05-11T05:47:14Z"
18,video,Dummy Service Code Generation,Video,Code Generation Dummy.mp4,00:04:34,,2018-05-10T06:22:17Z,
19,video,Server Setup Boilerplate Code,Video,gRPC Server Setup.mp4,00:06:00,,2018-05-10T06:22:17Z,
20,video,Client Setup Boilerplate Code,Video,gRPC Client Setup.mp4,00:05:14,,2018-05-10T06:22:17Z,
21,chapter,[Hands-On] gRPC Unary,,,,,,
22,video,What’s an Unary API?,Video,Whats a Unary API.mp4,00:01:32,,2018-05-10T09:30:56Z,
23,video,Greet API Definition,Video,Hands On Unary API.mp4,00:04:41,,2018-05-10T06:22:17Z,
24,video,Unary API Server Implementation,Video,gRPC Unary Server.mp4,00:07:30,,2018-05-10T06:22:17Z,
25,video,Unary API Client Implementation,Video,gRPC Unary Client.mp4,00:06:03,,2018-05-10T06:22:17Z,
26,article,[Exercise] Sum API,Generated File,026_article_12451224_[Exercise] Sum API.html,00:01:23,,2018-05-10T07:05:13Z,
27,video,[Solution] Sum API,Video,gRPC Unary Exercise Solution.mp4,00:08:13,,2018-05-10T06:22:17Z,
28,chapter,[Hands-On] gRPC Server Streaming,,,,,,
29,video,What's a Server Streaming API?,Video,Whats a Server Streaming API.mp4,00:02:26,,2018-05-10T23:51:59Z,
30,video,GreetManyTimes API Definition,Video,Hands On Server Streaming API.mp4,00:02:20,,2018-05-10T06:22:17Z,
31,video,Server Streaming API Server Implementation,Video,gRPC Server Streaming Server Implementation.mp4,00:05:49,,2018-05-10T06:22:17Z,
32,video,Server Streaming API Client Implementation,Video,gRPC Server Streaming Client Implementation.mp4,00:04:03,,2018-05-23T15:08:16Z,
33,article,[Exercise] PrimeNumberDecomposition API,Generated File,033_article_12451264_[Exercise] PrimeNumberDecomposition API.html,00:02:30,,2018-05-10T07:13:07Z,
34,video,[Solution] PrimeNumberDecomposition API,Video,gRPC PrimeNumberDecomposition Solution.mp4,00:07:12,,2018-05-23T15:08:15Z,
35,chapter,[Hands-On] gRPC Client Streaming,,,,,,
36,video,What's a Client Streaming API?,Video,What is Streaming Client.mp4,00:01:53,,2018-05-10T09:30:56Z,
37,video,LongGreet API Definition,Video,Streaming Client IDL Implementation.mp4,00:01:55,,2018-05-10T06:22:17Z,
38,video,Client Streaming API Server Implementation,Video,Client Streaming Server Implementation.mp4,00:07:23,,2018-05-10T06:22:17Z,
39,video,Client Streaming API Client Implementation - Part 1 - Refactoring,Video,Client Streaming Client Implementation - Part 1 - Refactoring.mp4,00:04:24,,2018-05-10T06:22:17Z,
40,video,Client Streaming API Client Implementation - Part 2 - Implementation,Video,Client Streaming Client Implementation - Part 2 - Implementing.mp4,00:10:09,,2018-05-10T06:22:17Z,
41,article,[Exercise] ComputeAverage API,Generated File,041_article_12451262_[Exercise] ComputeAverage API.html,00:01:36,,2018-05-10T07:12:57Z,
42,video,[Solution] ComputeAverage API,Video,Streaming Client Calculator Exercise Solution.mp4,00:11:04,,2018-05-10T09:33:45Z,
43,chapter,[Hands-On] gRPC Bi-Directional Streaming,,,,,,
44,video,What's a Bi-Directional Streaming API?,Video,What is Bidirectional Streaming.mp4,00:01:39,,2018-05-10T09:30:56Z,
45,video,GreetEveryone API Definition,Video,Bi Directional Streaming IDL Definition.mp4,00:01:40,,2018-05-10T06:22:16Z,
46,video,Bi-Directional Streaming API Server Implementation,Video,BiDi Streaming Server Implementation.mp4,00:03:52,,2018-05-10T06:22:15Z,
47,video,Bi-Directional Streaming API Client Implementation,Video,BiDi Streaming Client Implementation.mp4,00:07:45,,2018-05-10T06:22:15Z,
48,article,[Exercise] FindMaximum API,Generated File,048_article_12451260_[Exercise] FindMaximum API.html,00:01:39,,2018-05-10T07:12:46Z,
49,video,[Solution] FindMaximum API,Video,BiDi Streaming Calculator Exercise Solution.mp4,00:07:48,,2018-05-10T06:22:16Z,
50,chapter,[Hands-On] gRPC Advanced Features Deep Dive,,,,,,
51,video,[Theory] Errors in gRPC,Video,Errors Code - Theory.mp4,00:03:36,,2018-05-10T09:30:56Z,"ExternalLink - gRPC Error code documentation - https://grpc.io/docs/guides/error.html - 2018-05-11T05:47:37Z
ExternalLink - gRPC Errors sample code - http://avi.im/grpc-errors - 2018-05-11T05:47:57Z"
52,video,[Hands-On] Errors implementation,Video,Error Codes - Hands On.mp4,00:08:38,,2018-05-10T06:22:15Z,
53,video,[Theory] Deadlines,Video,Deadlines Theory.mp4,00:02:18,,2018-05-10T09:30:56Z,ExternalLink - Deadlines Doc - https://grpc.io/blog/deadlines - 2018-05-11T05:48:26Z
54,video,[Hands-On] Deadlines,Video,Deadlines Hands On.mp4,00:10:20,,2018-05-10T06:22:16Z,
55,video,[Theory] SSL Security,Video,SSL Encryption - Theory.mp4,00:05:38,,2018-05-10T23:51:58Z,
56,video,[Hands-On] SSL Security,Video,SSL Encryption gRPC Java Hands On.mp4,00:13:39,,2018-05-10T23:51:00Z,"ExternalLink - Security Doc in GRPC Java repo - https://github.com/grpc/grpc-java/blob/master/SECURITY.md - 2018-05-11T05:48:45Z
ExternalLink - Code Samples for Security - https://grpc.io/docs/guides/auth.html - 2018-05-11T05:49:00Z"
57,video,[Demo] Language Interoperability,Video,gRPC Language Interoperability.mp4,00:04:00,,2018-07-19T03:27:13Z,
58,video,gRPC Reflection & Evans CLI,Video,gRPC Reflection and CLI - Java.mp4,00:09:05,,2018-10-30T09:15:51Z,
59,chapter,[Hands-On] CRUD API with MongoDB,,,,,,
60,video,Install MongoDB,Video,Install MongoDB.mp4,00:03:16,,2018-10-30T12:47:53Z,
61,article,Install MongoDB - Windows Instructions,Generated File,061_article_15009512_Install MongoDB - Windows Instructions.html,00:00:24,,2018-10-30T13:00:45Z,
62,video,Install MongoDB UI - Robo 3T,Video,MongoDB UI - Robo 3T.mp4,00:01:10,,2018-10-30T12:47:53Z,
63,video,Blog Service Java Setup,Video,Blog Service Java Setup.mp4,00:05:49,,2018-10-30T12:47:53Z,
64,video,CreateBlog Server,Video,CreateBlog Java Server.mp4,00:09:44,,2018-10-30T12:47:53Z,
65,video,CreateBlog Client,Video,CreateBlog Java Client.mp4,00:05:09,,2018-10-30T12:47:53Z,
66,video,ReadBlog Server,Video,ReadBlog Java Server.mp4,00:07:11,,2018-10-30T12:47:53Z,
67,video,ReadBlog Client,Video,ReadBlog Java Client.mp4,00:05:12,,2018-10-30T12:47:53Z,
68,video,UpdateBlog Server,Video,UpdateBlog Java Server.mp4,00:07:39,,2018-10-30T12:47:53Z,
69,video,UpdateBlog Client,Video,UpdateBlog Java Client.mp4,00:06:13,,2018-10-30T12:47:53Z,
70,video,DeleteBlog Server,Video,DeleteBlog Java Server.mp4,00:05:30,,2018-10-30T12:47:53Z,
71,video,DeleteBlog Client,Video,DeleteBlog Java Client.mp4,00:02:01,,2018-10-30T12:47:53Z,
72,video,ListBlog Server,Video,ListBlog Java Server.mp4,00:03:33,,2018-10-30T12:47:53Z,
73,video,ListBlog Client,Video,ListBlog Java Client.mp4,00:01:41,,2018-10-30T12:47:53Z,
74,video,Evans CLI test with CRUD,Video,CRUD Java CLI Play.mp4,00:03:51,,2018-10-30T12:47:53Z,
75,chapter,Next Steps,,,,,,
76,video,gRPC Services in the Real Word,Video,gRPC in Real Life.mp4,00:04:00,,2018-05-10T23:51:59Z,"ExternalLink - Google Pub/Sub .proto - https://github.com/googleapis/googleapis/blob/master/google/pubsub/v1/pubsub.proto - 2018-05-11T05:49:20Z
ExternalLink - Google Spanner .proto - https://github.com/googleapis/googleapis/blob/master/google/spanner/v1/spanner.proto - 2018-05-11T05:49:33Z"
77,article,Useful links,Generated File,077_article_12451202_Useful links.html,00:00:52,,2018-05-10T06:59:08Z,
78,video,Congrats & Next Steps,Video,Whats next and congratulations.mp4,00:01:09,,2018-05-10T23:51:58Z,
79,article,Bonus Lecture: Student Special Coupons for my Other courses,Generated File,079_article_15698350_Bonus Lecture: Student Special Coupons for my Other courses.html,00:10:18,,2018-12-13T18:09:57Z,
